step,K,T_I,T_D,P,I,D,ds,left speed,right speed
0,0.0062,9999999999,0.0525,-1.24,-7.9360000007936e-12,-1.0171875,-2.207187500007936,2.207187500007936,-2.207187500007936
1,0.0062,9999999999,0.0525,-1.24,-1.58720000015872e-11,0.0,-1.190000000015872,3.190000000015872,0.8099999999841281
2,0.0062,9999999999,0.0525,-1.24,-2.3808000002380802e-11,0.0,-1.190000000023808,3.190000000023808,0.809999999976192
3,0.0062,9999999999,0.0525,-1.24,-3.17440000031744e-11,0.0,-1.1900000000317439,3.190000000031744,0.8099999999682561
4,0.0062,9999999999,0.0525,-1.24,-3.9680000003968e-11,0.0,-1.19000000003968,3.1900000000396798,0.80999999996032
5,0.0062,9999999999,0.0525,-1.24,-4.761600000476159e-11,0.0,-1.1900000000476159,3.1900000000476156,0.8099999999523841
6,0.0062,9999999999,0.0525,-1.24,-5.555200000555519e-11,0.0,-1.190000000055552,3.190000000055552,0.809999999944448
7,0.0062,9999999999,0.0525,-1.24,-6.348800000634879e-11,0.0,-1.190000000063488,3.1900000000634883,0.809999999936512
8,0.0062,9999999999,0.0525,-1.24,-7.14240000071424e-11,0.0,-1.190000000071424,3.190000000071424,0.8099999999285761
9,0.0062,9999999999,0.0525,-1.24,-7.936000000793598e-11,0.0,-1.19000000007936,3.19000000007936,0.80999999992064
10,0.0062,9999999999,0.0525,-1.24,-8.729600000872959e-11,0.0,-1.190000000087296,3.190000000087296,0.8099999999127041
11,0.0062,9999999999,0.0525,-1.24,-9.523200000952318e-11,0.0,-1.190000000095232,3.1900000000952318,0.809999999904768
12,0.0062,9999999999,0.0525,-1.24,-1.031680000103168e-10,0.0,-1.1900000001031679,3.1900000001031676,0.8099999998968321
13,0.0062,9999999999,0.0525,-1.24,-1.1110400001111041e-10,0.0,-1.190000000111104,3.190000000111104,0.809999999888896
14,0.0062,9999999999,0.0525,-1.24,-1.1904000001190402e-10,0.0,-1.1900000001190398,3.19000000011904,0.8099999998809602
15,0.0062,9999999999,0.0525,-1.24,-1.2697600001269764e-10,0.0,-1.190000000126976,3.190000000126976,0.8099999998730241
16,0.0062,9999999999,0.0525,-1.24,-1.3491200001349123e-10,0.0,-1.190000000134912,3.190000000134912,0.809999999865088
17,0.0062,9999999999,0.0525,-1.24,-1.4284800001428483e-10,0.0,-1.190000000142848,3.190000000142848,0.8099999998571521
18,0.0062,9999999999,0.0525,-1.24,-1.5078400001507845e-10,0.0,-1.190000000150784,3.1900000001507838,0.809999999849216
19,0.0062,9999999999,0.0525,-1.24,-1.5872000001587204e-10,0.0,-1.1900000001587199,3.1900000001587197,0.8099999998412801
20,0.0062,9999999999,0.0525,-1.24,-1.6665600001666564e-10,0.0,-1.190000000166656,3.190000000166656,0.809999999833344
21,0.0062,9999999999,0.0525,-1.24,-1.7459200001745926e-10,0.0,-1.1900000001745918,3.190000000174592,0.8099999998254082
22,0.0062,9999999999,0.0525,-1.24,-1.8252800001825285e-10,0.0,-1.190000000182528,3.190000000182528,0.8099999998174721
23,0.0062,9999999999,0.0525,-1.24,-1.9046400001904644e-10,0.0,-1.190000000190464,3.190000000190464,0.809999999809536
24,0.0062,9999999999,0.0525,-1.24,-1.9840000001984006e-10,0.0,-1.1900000001984,3.1900000001984,0.8099999998016001
25,0.0062,9999999999,0.0525,-1.24,-2.0633600002063366e-10,0.0,-1.190000000206336,3.190000000206336,0.809999999793664
26,0.0062,9999999999,0.0525,-1.24,-2.1427200002142728e-10,0.0,-1.1900000002142719,3.1900000002142717,0.8099999997857281
27,0.0062,9999999999,0.0525,-1.24,-2.222080000222209e-10,0.0,-1.190000000222208,3.190000000222208,0.809999999777792
28,0.0062,9999999999,0.0525,-1.24,-2.3014400002301447e-10,0.0,-1.1900000002301439,3.190000000230144,0.8099999997698561
29,0.0062,9999999999,0.0525,-1.24,-2.380800000238081e-10,0.0,-1.19000000023808,3.19000000023808,0.80999999976192
30,0.0062,9999999999,0.0525,-1.24,-2.460160000246017e-10,0.0,-1.190000000246016,3.190000000246016,0.809999999753984
31,0.0062,9999999999,0.0525,-1.24,-2.539520000253953e-10,0.0,-1.190000000253952,3.190000000253952,0.8099999997460481
32,0.0062,9999999999,0.0525,-1.24,-2.618880000261889e-10,0.0,-1.190000000261888,3.190000000261888,0.809999999738112
33,0.0062,9999999999,0.0525,-1.24,-2.698240000269825e-10,0.0,-1.1900000002698239,3.1900000002698237,0.8099999997301761
34,0.0062,9999999999,0.0525,-1.24,-2.7776000002777614e-10,0.0,-1.19000000027776,3.19000000027776,0.80999999972224
35,0.0062,9999999999,0.0525,-1.24,-2.8569600002856976e-10,0.0,-1.1900000002856959,3.190000000285696,0.8099999997143041
36,0.0062,9999999999,0.0525,-1.24,-2.936320000293634e-10,0.0,-1.190000000293632,3.190000000293632,0.809999999706368
37,0.0062,9999999999,0.0525,-1.24,-3.0156800003015694e-10,0.0,-1.190000000301568,3.190000000301568,0.809999999698432
38,0.0062,9999999999,0.0525,-1.24,-3.0950400003095056e-10,0.0,-1.190000000309504,3.190000000309504,0.8099999996904961
39,0.0062,9999999999,0.0525,-1.24,-3.1744000003174413e-10,0.0,-1.19000000031744,3.19000000031744,0.80999999968256
40,0.0062,9999999999,0.0525,-1.24,-3.253760000325377e-10,0.0,-1.190000000325376,3.1900000003253757,0.8099999996746241
41,0.0062,9999999999,0.0525,-1.24,-3.3331200003333127e-10,0.0,-1.190000000333312,3.190000000333312,0.809999999666688
42,0.0062,9999999999,0.0525,-1.24,-3.4124800003412484e-10,0.0,-1.1900000003412479,3.190000000341248,0.8099999996587521
43,0.0062,9999999999,0.0525,-1.24,-3.491840000349184e-10,0.0,-1.190000000349184,3.190000000349184,0.809999999650816
44,0.0062,9999999999,0.0525,-1.24,-3.5712000003571203e-10,0.0,-1.1900000003571198,3.19000000035712,0.8099999996428802
45,0.0062,9999999999,0.0525,-1.24,-3.6505600003650554e-10,0.0,-1.190000000365056,3.190000000365056,0.8099999996349441
46,0.0062,9999999999,0.0525,-1.24,-3.729920000372991e-10,0.0,-1.190000000372992,3.190000000372992,0.809999999627008
47,0.0062,9999999999,0.0525,-1.24,-3.8092800003809273e-10,0.0,-1.190000000380928,3.1900000003809277,0.8099999996190721
48,0.0062,9999999999,0.0525,-1.24,-3.888640000388863e-10,0.0,-1.190000000388864,3.190000000388864,0.809999999611136
49,0.0062,9999999999,0.0525,-1.24,-3.968000000396798e-10,0.0,-1.1900000003967999,3.1900000003968,0.8099999996032001
50,0.0062,9999999999,0.0525,-1.24,-4.0473600004047344e-10,0.0,-1.190000000404736,3.190000000404736,0.809999999595264
51,0.0062,9999999999,0.0525,-1.24,-4.1267200004126695e-10,0.0,-1.1900000004126718,3.190000000412672,0.8099999995873282
52,0.0062,9999999999,0.0525,-1.24,-4.206080000420605e-10,0.0,-1.190000000420608,3.190000000420608,0.8099999995793921
53,0.0062,9999999999,0.0525,-1.020342857142857,-4.2713819432842784e-10,0.18018750000000006,-0.790155357569995,2.790155357569995,1.2098446424300051
54,0.0062,9999999999,0.0525,-1.24,-4.3507419432922146e-10,-0.18018750000000006,-1.370187500435074,3.3701875004350743,0.6298124995649259
55,0.0062,9999999999,0.0525,-1.24,-4.43010194330015e-10,0.0,-1.1900000004430102,3.1900000004430105,0.8099999995569898
56,0.0062,9999999999,0.0525,-1.24,-4.509461943308085e-10,0.0,-1.1900000004509461,3.1900000004509463,0.8099999995490539
57,0.0062,9999999999,0.0525,-1.24,-4.5888219433160216e-10,0.0,-1.1900000004588822,3.190000000458882,0.8099999995411178
58,0.0062,9999999999,0.0525,-1.2293714285714286,-4.66750171475246e-10,0.00871875000000004,-1.1706526790381786,3.1706526790381786,0.8293473209618214
59,0.0062,9999999999,0.0525,-1.1549714285714285,-4.741419886188424e-10,0.061031249999999995,-1.0439401790455705,3.0439401790455705,0.9560598209544295
60,0.0062,9999999999,0.0525,-1.1195428571428572,-4.813070629052732e-10,0.029062499999999894,-1.0404803576241641,3.040480357624164,0.9595196423758359
61,0.0062,9999999999,0.0525,-0.7369142857142857,-4.860233143343162e-10,0.313875,-0.3730392862003091,2.373039286200309,1.6269607137996909
62,0.0062,9999999999,0.0525,-1.0770285714285714,-4.929162971921484e-10,-0.27899999999999997,-1.3060285719214877,3.3060285719214875,0.6939714280785123
63,0.0062,9999999999,0.0525,-1.0097142857142858,-4.993784686213661e-10,0.05521875000000001,-0.9044955362136643,2.9044955362136644,1.0955044637863356
64,0.0062,9999999999,0.0525,-0.06377142857142852,-4.997866057642641e-10,0.77596875,0.7621973209287849,1.237802679071215,2.762197320928785
65,0.0062,9999999999,0.0525,-0.8325714285714285,-5.051150629076539e-10,-0.63065625,-1.4132276790765437,3.4132276790765435,0.5867723209234563
66,0.0062,9999999999,0.0525,-0.8290285714285714,-5.104208457653274e-10,0.002906249999999917,-0.7761223219389923,2.7761223219389923,1.2238776780610077
67,0.0062,9999999999,0.0525,-1.24,-5.18356845766121e-10,-0.33712499999999995,-1.5271250005183568,1.5271250005183568,-1.5271250005183568
68,0.0062,9999999999,0.0525,-1.24,-5.262928457669145e-10,0.0,-1.1900000005262927,3.1900000005262927,0.8099999994737073
69,0.0062,9999999999,0.0525,-0.7262857142857142,-5.309410743388079e-10,0.42140625,-0.2548794648166553,2.2548794648166552,1.7451205351833448
70,0.0062,9999999999,0.0525,-0.7014857142857143,-5.354305829106855e-10,0.02034375,-0.6311419648211448,2.6311419648211447,1.3688580351788553
71,0.0062,9999999999,0.0525,0.3684571428571429,-5.33072457196164e-10,0.8776875,1.2961446423240706,0.7038553576759294,3.2961446423240703
72,0.0062,9999999999,0.0525,-0.5420571428571429,-5.365416229107966e-10,-0.7469062500000001,-1.2389633933936846,3.2389633933936848,0.7610366066063154
73,0.0062,9999999999,0.0525,-0.44639999999999996,-5.393985829110823e-10,0.07846875,-0.3179312505393986,2.3179312505393987,1.6820687494606015
74,0.0062,9999999999,0.0525,-1.24,-5.473345829118759e-10,-0.651,-1.8410000005473346,1.8410000005473346,-1.8410000005473346
75,0.0062,9999999999,0.0525,-0.4428571428571428,-5.50168868626445e-10,0.65390625,0.2610491065926884,1.7389508934073117,2.2610491065926883
76,0.0062,9999999999,0.0525,-0.43577142857142853,-5.52957805769581e-10,0.005812499999999979,-0.37995892912438634,2.3799589291243866,1.6200410708756137
77,0.0062,9999999999,0.0525,-0.30822857142857146,-5.549304686269211e-10,0.10462499999999991,-0.15360357198350205,2.153603571983502,1.846396428016498
78,0.0062,9999999999,0.0525,-0.2834285714285715,-5.567444114842454e-10,0.02034375,-0.21308482198531592,2.213084821985316,1.7869151780146841
79,0.0062,9999999999,0.0525,-0.3365714285714285,-5.58898468627318e-10,-0.04359374999999991,-0.33016517913032695,2.330165179130327,1.669834820869673
80,0.0062,9999999999,0.0525,-0.16651428571428573,-5.59964160055996e-10,0.13949999999999993,0.022985713725750048,1.97701428627425,2.02298571372575
81,0.0062,9999999999,0.0525,0.010628571428571479,-5.598961371988464e-10,0.14531250000000007,0.2059410708686754,1.7940589291313245,2.2059410708686755
82,0.0062,9999999999,0.0525,0.3188571428571428,-5.578554514843565e-10,0.2528437499999999,0.6217008922992873,1.3782991077007127,2.6217008922992875
83,0.0062,9999999999,0.0525,-1.020342857142857,-5.643856457707238e-10,-1.0985624999999999,-2.0689053577072425,2.0689053577072425,-2.0689053577072425
84,0.0062,9999999999,0.0525,0.5066285714285714,-5.611432229132567e-10,1.25259375,1.809222320867428,-1.809222320867428,1.809222320867428
85,0.0062,9999999999,0.0525,0.6554285714285715,-5.569484800556944e-10,0.12206249999999999,0.827491070871623,1.172508929128377,2.827491070871623
86,0.0062,9999999999,0.0525,0.8715428571428571,-5.513706057694223e-10,0.17728124999999986,1.0988241065914863,0.9011758934085137,3.0988241065914863
87,0.0062,9999999999,0.0525,0.9317714285714285,-5.454072686259689e-10,0.04940625000000004,1.0311776780260213,0.9688223219739787,3.0311776780260216
88,0.0062,9999999999,0.0525,0.970742857142857,-5.391945143396333e-10,0.031968749999999956,1.0527116066036626,0.9472883933963374,3.052711606603663
89,0.0062,9999999999,0.0525,1.2329142857142856,-5.313038629102728e-10,0.21506249999999996,1.4979767851829817,0.5020232148170183,3.4979767851829817
90,0.0062,9999999999,0.0525,1.1974857142857145,-5.236399543380777e-10,-0.02906249999999975,1.2184232137620747,0.7815767862379253,3.2184232137620747
91,0.0062,9999999999,0.0525,1.0734857142857144,-5.167696457659623e-10,-0.10171875,1.0217669637689446,0.9782330362310554,3.0217669637689446
92,0.0062,9999999999,0.0525,1.6970285714285713,-5.059086629077333e-10,0.5114999999999998,2.258528570922662,-2.258528570922662,2.258528570922662
93,0.0062,9999999999,0.0525,0.9884571428571429,-4.995825371928149e-10,-0.5812499999999999,0.4572071423575605,1.5427928576424395,2.4572071423575603
94,0.0062,9999999999,0.0525,1.1124571428571428,-4.924628114778172e-10,0.10171875,1.2641758923646802,0.7358241076353198,3.26417589236468
95,0.0062,9999999999,0.0525,-0.2940571428571428,-4.943447771922911e-10,-1.15378125,-1.3978383933514875,3.3978383933514875,0.6021616066485125
96,0.0062,9999999999,0.0525,1.293142857142857,-4.860686629057492e-10,1.3019999999999998,2.645142856656788,-2.645142856656788,2.645142856656788
97,0.0062,9999999999,0.0525,1.342742857142857,-4.774751086191756e-10,0.0406875,1.4334303566653819,0.5665696433346181,3.433430356665382
98,0.0062,9999999999,0.0525,1.5269714285714284,-4.677024914753412e-10,0.151125,1.7280964281037259,-1.7280964281037259,1.7280964281037259
99,0.0062,9999999999,0.0525,1.6934857142857145,-4.5686418290282877e-10,0.13659375000000018,1.8800794638288505,-1.8800794638288505,1.8800794638288505
100,0.0062,9999999999,0.0525,2.462285714285714,-4.4110555432982436e-10,0.6306562499999996,3.142941963844608,-3.142941963844608,3.142941963844608
101,0.0062,9999999999,0.0525,2.149628571428571,-4.273479314713057e-10,-0.25647656250000006,1.943152008501223,-1.943152008501223,1.943152008501223
102,0.0062,9999999999,0.0525,3.128342857142857,-4.0732653718358926e-10,0.8028515625000001,3.98119441923553,-3.98119441923553,3.98119441923553
103,0.0062,9999999999,0.0525,1.939714285714286,-3.949123657537764e-10,-0.9750468749999996,1.014667410319374,0.985332589680626,3.0146674103193742
104,0.0062,9999999999,0.0525,2.5473142857142856,-3.7860955432357474e-10,0.49842187499999996,3.095736160335676,-3.095736160335676,3.095736160335676
105,0.0062,9999999999,0.0525,1.3701999999999999,-3.698402743226978e-10,-0.9656015625000002,0.4545984371301593,1.5454015628698408,2.4545984371301595
106,0.0062,9999999999,0.0525,1.0557714285714286,-3.6308333717916495e-10,-0.25792968750000006,0.8478417407083452,1.1521582592916548,2.847841740708345
107,0.0062,9999999999,0.0525,0.6182285714285715,-3.591266743216264e-10,-0.35892187499999983,0.3093066960694449,1.6906933039305552,2.309306696069445
108,0.0062,9999999999,0.0525,0.7121142857142856,-3.545691428925992e-10,0.07701562499999984,0.8391299103597163,1.1608700896402837,2.8391299103597163
109,0.0062,9999999999,0.0525,0.5748285714285715,-3.5089024003508843e-10,-0.11261718749999981,0.5122113835776815,1.4877886164223186,2.5122113835776814
110,0.0062,9999999999,0.0525,1.0672857142857144,-3.4405961146297683e-10,0.4039687500000001,1.521254463941655,-1.521254463941655,1.521254463941655
111,0.0062,9999999999,0.0525,0.4703142857142856,-3.410496000341044e-10,-0.48970312500000024,0.03061116037323576,1.9693888396267643,2.030611160373236
112,0.0062,9999999999,0.0525,0.5101714285714285,-3.377845028909208e-10,0.03269531250000008,0.5928667407336442,1.407133259266356,2.592866740733644
113,0.0062,9999999999,0.0525,-0.0992,-3.384193828909843e-10,-0.4998749999999999,-0.5490750003384193,2.5490750003384193,1.4509249996615807
114,0.0062,9999999999,0.0525,0.7298285714285715,-3.337484800333743e-10,0.6800624999999999,1.459891071094823,0.540108928905177,3.459891071094823
115,0.0062,9999999999,0.0525,0.8121999999999999,-3.2855040003285447e-10,0.06757031249999995,0.9297703121714496,1.0702296878285504,2.9297703121714496
116,0.0062,9999999999,0.0525,0.8493999999999999,-3.2311424003231086e-10,0.030515624999999998,0.9299156246768858,1.0700843753231142,2.9299156246768856
117,0.0062,9999999999,0.0525,0.8432,-3.1771776003177125e-10,-0.0050859375,0.8881140621822823,1.1118859378177177,2.8881140621822823
118,0.0062,9999999999,0.0525,1.3268,-3.092262400309221e-10,0.396703125,1.7735031246907738,-1.7735031246907738,1.7735031246907738
119,0.0062,9999999999,0.0525,1.0300857142857145,-3.0263369145883425e-10,-0.24339843749999987,0.8366872764830809,1.1633127235169192,2.836687276483081
120,0.0062,9999999999,0.0525,1.1292857142857144,-2.9540626288668296e-10,0.081375,1.260660713990308,0.7393392860096919,3.2606607139903083
121,0.0062,9999999999,0.0525,0.7059142857142855,-2.9088841145765976e-10,-0.3472968750000002,0.40861741042339683,1.5913825895766032,2.408617410423397
122,0.0062,9999999999,0.0525,1.2958,-2.8259529145683044e-10,0.4838906250000002,1.829690624717405,-1.829690624717405,1.829690624717405
123,0.0062,9999999999,0.0525,1.4242285714285714,-2.734802285987761e-10,0.10535156250000002,1.5795801336550914,-1.5795801336550914,1.5795801336550914
124,0.0062,9999999999,0.0525,1.4862285714285715,-2.6396836574068205e-10,0.050859375,1.587087946164603,-1.587087946164603,1.587087946164603
125,0.0062,9999999999,0.0525,1.3648857142857145,-2.5523309716838e-10,-0.09953906249999991,1.3153466515304815,0.6846533484695185,3.3153466515304815
126,0.0062,9999999999,0.0525,1.3639999999999999,-2.4650349716750704e-10,-0.0007265625000001239,1.4132734372534963,0.5867265627465037,3.4132734372534963
127,0.0062,9999999999,0.0525,1.5074857142857143,-2.368555885951137e-10,0.1177031250000001,1.6751888390488587,-1.6751888390488587,1.6751888390488587
128,0.0062,9999999999,0.0525,1.9202285714285714,-2.2456612573674187e-10,0.33857812499999984,2.308806696204005,-2.308806696204005,2.308806696204005
129,0.0062,9999999999,0.0525,1.5482285714285715,-2.1465746287860817e-10,-0.30515624999999996,1.2930723212139141,0.7069276787860859,3.293072321213914
130,0.0062,9999999999,0.0525,1.4818,-2.0517394287765982e-10,-0.05449218750000004,1.4773078122948262,0.5226921877051738,3.477307812294826
131,0.0062,9999999999,0.0525,1.2072285714285715,-1.9744768001974434e-10,-0.22523437499999996,1.0319941962311239,0.9680058037688761,3.031994196231124
132,0.0062,9999999999,0.0525,1.603142857142857,-1.8718756573300402e-10,0.3247734374999999,1.9779162944556694,-1.9779162944556694,1.9779162944556694
133,0.0062,9999999999,0.0525,1.6925999999999999,-1.7635492573192077e-10,0.07338281250000009,1.815982812323645,-1.815982812323645,1.815982812323645
134,0.0062,9999999999,0.0525,1.8050857142857144,-1.6480237715933694e-10,0.09227343750000012,1.947359151620912,-1.947359151620912,1.947359151620912
135,0.0062,9999999999,0.0525,1.8334285714285714,-1.530684343010207e-10,0.023249999999999917,1.906678571275503,-1.906678571275503,1.906678571275503
136,0.0062,9999999999,0.0525,2.084085714285714,-1.397302857282583e-10,0.20561718749999983,2.339702901645983,-2.339702901645983,2.339702901645983
137,0.0062,9999999999,0.0525,2.053085714285714,-1.2659053715551576e-10,-0.0254296875,2.077656026659123,-2.077656026659123,2.077656026659123
138,0.0062,9999999999,0.0525,2.1319142857142857,-1.1294628572557992e-10,0.06466406250000033,2.2465783481013397,-2.2465783481013397,2.2465783481013397
139,0.0062,9999999999,0.0525,2.108885714285714,-9.944941715280166e-11,-0.01889062500000033,2.139995089186264,-2.139995089186264,2.139995089186264
140,0.0062,9999999999,0.0525,-1.24,-1.0738541715359525e-10,-2.7471328125,-3.9371328126073855,3.9371328126073855,-3.9371328126073855
141,0.0062,9999999999,0.0525,-1.24,-1.1532141715438887e-10,0.0,-1.1900000001153213,3.1900000001153215,0.8099999998846787
142,0.0062,9999999999,0.0525,-1.24,-1.2325741715518247e-10,0.0,-1.1900000001232574,3.1900000001232574,0.8099999998767426
143,0.0062,9999999999,0.0525,-1.24,-1.311934171559761e-10,0.0,-1.1900000001311934,3.1900000001311932,0.8099999998688066
144,0.0062,9999999999,0.0525,-1.24,-1.391294171567697e-10,0.0,-1.1900000001391293,3.190000000139129,0.8099999998608707
145,0.0062,9999999999,0.0525,-1.24,-1.470654171575633e-10,0.0,-1.1900000001470654,3.1900000001470654,0.8099999998529346
146,0.0062,9999999999,0.0525,-1.24,-1.550014171583569e-10,0.0,-1.1900000001550013,3.1900000001550013,0.8099999998449987
147,0.0062,9999999999,0.0525,-1.24,-1.629374171591505e-10,0.0,-1.1900000001629374,3.1900000001629376,0.8099999998370626
148,0.0062,9999999999,0.0525,-1.24,-1.708734171599441e-10,0.0,-1.1900000001708733,3.1900000001708735,0.8099999998291267
149,0.0062,9999999999,0.0525,-1.24,-1.7880941716073773e-10,0.0,-1.1900000001788094,3.1900000001788094,0.8099999998211906
150,0.0062,9999999999,0.0525,-1.24,-1.8674541716153135e-10,0.0,-1.1900000001867455,3.1900000001867452,0.8099999998132545
151,0.0062,9999999999,0.0525,-1.24,-1.9468141716232492e-10,0.0,-1.1900000001946813,3.190000000194681,0.8099999998053187
152,0.0062,9999999999,0.0525,-1.24,-2.0261741716311854e-10,0.0,-1.1900000002026174,3.1900000002026174,0.8099999997973826
153,0.0062,9999999999,0.0525,-1.24,-2.1055341716391216e-10,0.0,-1.1900000002105533,3.1900000002105533,0.8099999997894467
154,0.0062,9999999999,0.0525,-1.24,-2.1848941716470575e-10,0.0,-1.1900000002184894,3.1900000002184896,0.8099999997815106
155,0.0062,9999999999,0.0525,-1.24,-2.2642541716549937e-10,0.0,-1.1900000002264253,3.1900000002264255,0.8099999997735747
156,0.0062,9999999999,0.0525,-1.24,-2.3436141716629297e-10,0.0,-1.1900000002343614,3.1900000002343614,0.8099999997656386
157,0.0062,9999999999,0.0525,-1.24,-2.422974171670866e-10,0.0,-1.1900000002422975,3.1900000002422972,0.8099999997577025
158,0.0062,9999999999,0.0525,-1.24,-2.502334171678802e-10,0.0,-1.1900000002502333,3.190000000250233,0.8099999997497667
159,0.0062,9999999999,0.0525,-1.24,-2.5816941716867383e-10,0.0,-1.1900000002581694,3.1900000002581694,0.8099999997418306
160,0.0062,9999999999,0.0525,-1.24,-2.661054171694674e-10,0.0,-1.1900000002661053,3.1900000002661053,0.8099999997338947
161,0.0062,9999999999,0.0525,-1.24,-2.74041417170261e-10,0.0,-1.1900000002740414,3.1900000002740416,0.8099999997259586
162,0.0062,9999999999,0.0525,-1.24,-2.8197741717105464e-10,0.0,-1.1900000002819773,3.1900000002819775,0.8099999997180227
163,0.0062,9999999999,0.0525,-1.24,-2.899134171718482e-10,0.0,-1.1900000002899134,3.1900000002899134,0.8099999997100866
164,0.0062,9999999999,0.0525,-1.24,-2.978494171726418e-10,0.0,-1.1900000002978495,3.1900000002978492,0.8099999997021505
165,0.0062,9999999999,0.0525,-1.24,-3.057854171734354e-10,0.0,-1.1900000003057853,3.190000000305785,0.8099999996942147
166,0.0062,9999999999,0.0525,-1.24,-3.13721417174229e-10,0.0,-1.1900000003137214,3.1900000003137214,0.8099999996862786
167,0.0062,9999999999,0.0525,-1.24,-3.2165741717502263e-10,0.0,-1.1900000003216573,3.1900000003216573,0.8099999996783427
168,0.0062,9999999999,0.0525,-1.24,-3.295934171758162e-10,0.0,-1.1900000003295934,3.1900000003295936,0.8099999996704066
169,0.0062,9999999999,0.0525,-1.24,-3.375294171766097e-10,0.0,-1.1900000003375293,3.1900000003375295,0.8099999996624707
170,0.0062,9999999999,0.0525,-1.24,-3.454654171774033e-10,0.0,-1.1900000003454654,3.1900000003454654,0.8099999996545346
171,0.0062,9999999999,0.0525,-1.24,-3.534014171781969e-10,0.0,-1.1900000003534013,3.1900000003534013,0.8099999996465987
172,0.0062,9999999999,0.0525,-1.24,-3.613374171789905e-10,0.0,-1.1900000003613374,3.190000000361337,0.8099999996386626
173,0.0062,9999999999,0.0525,-1.24,-3.6927341717978405e-10,0.0,-1.1900000003692734,3.1900000003692734,0.8099999996307266
174,0.0062,9999999999,0.0525,-1.24,-3.772094171805776e-10,0.0,-1.1900000003772093,3.1900000003772093,0.8099999996227907
175,0.0062,9999999999,0.0525,-1.24,-3.8514541718137123e-10,0.0,-1.1900000003851454,3.1900000003851456,0.8099999996148546
176,0.0062,9999999999,0.0525,-1.24,-3.9308141718216475e-10,0.0,-1.1900000003930813,3.1900000003930815,0.8099999996069187
177,0.0062,9999999999,0.0525,-1.24,-4.0101741718295827e-10,0.0,-1.1900000004010174,3.1900000004010174,0.8099999995989826
178,0.0062,9999999999,0.0525,-1.24,-4.089534171837519e-10,0.0,-1.1900000004089533,3.1900000004089533,0.8099999995910467
179,0.0062,9999999999,0.0525,-1.24,-4.1688941718454546e-10,0.0,-1.1900000004168894,3.190000000416889,0.8099999995831106
180,0.0062,9999999999,0.0525,-1.24,-4.248254171853391e-10,0.0,-1.1900000004248255,3.1900000004248255,0.8099999995751745
181,0.0062,9999999999,0.0525,-1.24,-4.327614171861326e-10,0.0,-1.1900000004327613,3.1900000004327613,0.8099999995672387
182,0.0062,9999999999,0.0525,-1.24,-4.4069741718692616e-10,0.0,-1.1900000004406974,3.1900000004406976,0.8099999995593026
183,0.0062,9999999999,0.0525,-1.24,-4.486334171877198e-10,0.0,-1.1900000004486333,3.1900000004486335,0.8099999995513667
184,0.0062,9999999999,0.0525,-1.24,-4.565694171885133e-10,0.0,-1.1900000004565694,3.1900000004565694,0.8099999995434306
185,0.0062,9999999999,0.0525,-1.24,-4.645054171893069e-10,0.0,-1.1900000004645053,3.1900000004645053,0.8099999995354947
186,0.0062,9999999999,0.0525,-1.24,-4.724414171901004e-10,0.0,-1.1900000004724414,3.190000000472441,0.8099999995275586
187,0.0062,9999999999,0.0525,-1.24,-4.803774171908941e-10,0.0,-1.1900000004803775,3.1900000004803775,0.8099999995196225
188,0.0062,9999999999,0.0525,-1.24,-4.883134171916877e-10,0.0,-1.1900000004883133,3.1900000004883133,0.8099999995116867
189,0.0062,9999999999,0.0525,-1.24,-4.962494171924812e-10,0.0,-1.1900000004962494,3.1900000004962497,0.8099999995037506
190,0.0062,9999999999,0.0525,-1.24,-5.041854171932748e-10,0.0,-1.1900000005041853,3.1900000005041855,0.8099999994958147
191,0.0062,9999999999,0.0525,-1.24,-5.121214171940683e-10,0.0,-1.1900000005121214,3.1900000005121214,0.8099999994878786
192,0.0062,9999999999,0.0525,-1.24,-5.200574171948618e-10,0.0,-1.1900000005200573,3.1900000005200573,0.8099999994799427
193,0.0062,9999999999,0.0525,-1.24,-5.279934171956555e-10,0.0,-1.1900000005279934,3.190000000527993,0.8099999994720066
194,0.0062,9999999999,0.0525,-1.24,-5.35929417196449e-10,0.0,-1.1900000005359295,3.1900000005359295,0.8099999994640705
195,0.0062,9999999999,0.0525,-1.24,-5.438654171972426e-10,0.0,-1.1900000005438653,3.1900000005438653,0.8099999994561347
196,0.0062,9999999999,0.0525,-1.24,-5.518014171980362e-10,0.0,-1.1900000005518014,3.1900000005518017,0.8099999994481986
197,0.0062,9999999999,0.0525,-1.24,-5.597374171988297e-10,0.0,-1.1900000005597373,3.1900000005597375,0.8099999994402627
198,0.0062,9999999999,0.0525,-1.24,-5.676734171996234e-10,0.0,-1.1900000005676734,3.1900000005676734,0.8099999994323266
199,0.0062,9999999999,0.0525,-1.24,-5.756094172004169e-10,0.0,-1.1900000005756093,3.1900000005756093,0.8099999994243907
200,0.0062,9999999999,0.0525,-1.24,-5.835454172012105e-10,0.0,-1.1900000005835454,3.190000000583545,0.8099999994164546
201,0.0062,9999999999,0.0525,-1.24,-5.91481417202004e-10,0.0,-1.1900000005914813,3.190000000591481,0.8099999994085187
202,0.0062,9999999999,0.0525,-1.24,-5.994174172027976e-10,0.0,-1.1900000005994174,3.1900000005994174,0.8099999994005826
203,0.0062,9999999999,0.0525,-1.24,-6.073534172035913e-10,0.0,-1.1900000006073534,3.1900000006073537,0.8099999993926466
204,0.0062,9999999999,0.0525,-1.24,-6.152894172043848e-10,0.0,-1.1900000006152893,3.1900000006152895,0.8099999993847107
205,0.0062,9999999999,0.0525,-1.24,-6.232254172051784e-10,0.0,-1.1900000006232254,3.1900000006232254,0.8099999993767746
206,0.0062,9999999999,0.0525,-1.24,-6.311614172059719e-10,0.0,-1.1900000006311613,3.1900000006311613,0.8099999993688387
207,0.0062,9999999999,0.0525,-1.24,-6.390974172067654e-10,0.0,-1.1900000006390974,3.190000000639097,0.8099999993609026
208,0.0062,9999999999,0.0525,-1.24,-6.47033417207559e-10,0.0,-1.1900000006470333,3.190000000647033,0.8099999993529667
209,0.0062,9999999999,0.0525,-1.24,-6.549694172083526e-10,0.0,-1.1900000006549694,3.1900000006549694,0.8099999993450306
210,0.0062,9999999999,0.0525,-1.24,-6.629054172091462e-10,0.0,-1.1900000006629055,3.1900000006629057,0.8099999993370945
211,0.0062,9999999999,0.0525,-1.24,-6.708414172099398e-10,0.0,-1.1900000006708413,3.1900000006708416,0.8099999993291587
212,0.0062,9999999999,0.0525,-1.24,-6.787774172107333e-10,0.0,-1.1900000006787774,3.1900000006787774,0.8099999993212226
213,0.0062,9999999999,0.0525,-1.24,-6.867134172115269e-10,0.0,-1.1900000006867133,3.1900000006867133,0.8099999993132867
214,0.0062,9999999999,0.0525,-1.24,-6.946494172123205e-10,0.0,-1.1900000006946494,3.190000000694649,0.8099999993053506
215,0.0062,9999999999,0.0525,-1.24,-7.025854172131141e-10,0.0,-1.1900000007025853,3.190000000702585,0.8099999992974147
216,0.0062,9999999999,0.0525,-1.24,-7.105214172139076e-10,0.0,-1.1900000007105214,3.1900000007105214,0.8099999992894786
217,0.0062,9999999999,0.0525,-1.24,-7.184574172147012e-10,0.0,-1.1900000007184575,3.1900000007184577,0.8099999992815425
218,0.0062,9999999999,0.0525,-1.24,-7.263934172154948e-10,0.0,-1.1900000007263933,3.1900000007263936,0.8099999992736067
219,0.0062,9999999999,0.0525,-1.24,-7.343294172162883e-10,0.0,-1.1900000007343294,3.1900000007343294,0.8099999992656706
220,0.0062,9999999999,0.0525,-1.24,-7.42265417217082e-10,0.0,-1.1900000007422653,3.1900000007422653,0.8099999992577347
221,0.0062,9999999999,0.0525,-1.24,-7.502014172178754e-10,0.0,-1.1900000007502014,3.190000000750201,0.8099999992497986
222,0.0062,9999999999,0.0525,-1.24,-7.58137417218669e-10,0.0,-1.1900000007581373,3.190000000758137,0.8099999992418627
223,0.0062,9999999999,0.0525,-1.24,-7.660734172194626e-10,0.0,-1.1900000007660734,3.1900000007660734,0.8099999992339266
224,0.0062,9999999999,0.0525,-1.24,-7.740094172202562e-10,0.0,-1.1900000007740095,3.1900000007740097,0.8099999992259905
225,0.0062,9999999999,0.0525,-1.24,-7.819454172210498e-10,0.0,-1.1900000007819453,3.1900000007819456,0.8099999992180547
226,0.0062,9999999999,0.0525,-1.24,-7.898814172218434e-10,0.0,-1.1900000007898814,3.1900000007898814,0.8099999992101186
227,0.0062,9999999999,0.0525,-1.24,-7.97817417222637e-10,0.0,-1.1900000007978173,3.1900000007978173,0.8099999992021827
228,0.0062,9999999999,0.0525,-1.24,-8.057534172234304e-10,0.0,-1.1900000008057534,3.190000000805753,0.8099999991942466
229,0.0062,9999999999,0.0525,-1.24,-8.13689417224224e-10,0.0,-1.1900000008136893,3.190000000813689,0.8099999991863107
230,0.0062,9999999999,0.0525,-1.24,-8.216254172250177e-10,0.0,-1.1900000008216254,3.1900000008216254,0.8099999991783746
231,0.0062,9999999999,0.0525,-1.24,-8.295614172258111e-10,0.0,-1.1900000008295613,3.1900000008295613,0.8099999991704387
232,0.0062,9999999999,0.0525,-1.24,-8.374974172266048e-10,0.0,-1.1900000008374974,3.1900000008374976,0.8099999991625026
233,0.0062,9999999999,0.0525,-1.24,-8.454334172273984e-10,0.0,-1.1900000008454334,3.1900000008454334,0.8099999991545666
234,0.0062,9999999999,0.0525,-1.24,-8.53369417228192e-10,0.0,-1.1900000008533693,3.1900000008533693,0.8099999991466307
235,0.0062,9999999999,0.0525,-1.24,-8.613054172289854e-10,0.0,-1.1900000008613054,3.190000000861305,0.8099999991386946
236,0.0062,9999999999,0.0525,-1.24,-8.692414172297791e-10,0.0,-1.1900000008692413,3.190000000869241,0.8099999991307587
237,0.0062,9999999999,0.0525,-1.24,-8.771774172305727e-10,0.0,-1.1900000008771774,3.1900000008771774,0.8099999991228226
238,0.0062,9999999999,0.0525,-1.24,-8.851134172313661e-10,0.0,-1.1900000008851133,3.1900000008851133,0.8099999991148867
239,0.0062,9999999999,0.0525,-1.24,-8.930494172321597e-10,0.0,-1.1900000008930494,3.1900000008930496,0.8099999991069506
240,0.0062,9999999999,0.0525,-1.24,-9.009854172329533e-10,0.0,-1.1900000009009855,3.1900000009009855,0.8099999990990145
241,0.0062,9999999999,0.0525,-1.24,-9.089214172337469e-10,0.0,-1.1900000009089213,3.1900000009089213,0.8099999990910787
242,0.0062,9999999999,0.0525,-1.24,-9.168574172345405e-10,0.0,-1.1900000009168574,3.190000000916857,0.8099999990831426
243,0.0062,9999999999,0.0525,-1.24,-9.247934172353341e-10,0.0,-1.1900000009247933,3.190000000924793,0.8099999990752067
244,0.0062,9999999999,0.0525,-1.24,-9.327294172361276e-10,0.0,-1.1900000009327294,3.1900000009327294,0.8099999990672706
245,0.0062,9999999999,0.0525,-1.24,-9.406654172369211e-10,0.0,-1.1900000009406653,3.1900000009406653,0.8099999990593347
246,0.0062,9999999999,0.0525,-1.24,-9.486014172377149e-10,0.0,-1.1900000009486014,3.1900000009486016,0.8099999990513986
247,0.0062,9999999999,0.0525,-1.24,-9.565374172385084e-10,0.0,-1.1900000009565375,3.1900000009565375,0.8099999990434625
248,0.0062,9999999999,0.0525,-1.24,-9.644734172393019e-10,0.0,-1.1900000009644733,3.1900000009644733,0.8099999990355267
249,0.0062,9999999999,0.0525,-1.24,-9.724094172400954e-10,0.0,-1.1900000009724094,3.190000000972409,0.8099999990275906
250,0.0062,9999999999,0.0525,-1.24,-9.803454172408891e-10,0.0,-1.1900000009803453,3.190000000980345,0.8099999990196547
251,0.0062,9999999999,0.0525,-1.24,-9.882814172416826e-10,0.0,-1.1900000009882814,3.1900000009882814,0.8099999990117186
252,0.0062,9999999999,0.0525,-1.24,-9.962174172424762e-10,0.0,-1.1900000009962173,3.1900000009962173,0.8099999990037827
253,0.0062,9999999999,0.0525,-1.24,-1.0041534172432699e-09,0.0,-1.1900000010041534,3.1900000010041536,0.8099999989958466
254,0.0062,9999999999,0.0525,-1.24,-1.0120894172440632e-09,0.0,-1.1900000010120895,3.1900000010120895,0.8099999989879105
255,0.0062,9999999999,0.0525,-1.24,-1.020025417244857e-09,0.0,-1.1900000010200253,3.1900000010200253,0.8099999989799747
256,0.0062,9999999999,0.0525,-1.24,-1.0279614172456504e-09,0.0,-1.1900000010279614,3.190000001027961,0.8099999989720386
257,0.0062,9999999999,0.0525,-1.24,-1.0358974172464442e-09,0.0,-1.1900000010358973,3.190000001035897,0.8099999989641027
258,0.0062,9999999999,0.0525,-1.24,-1.0438334172472377e-09,0.0,-1.1900000010438334,3.1900000010438334,0.8099999989561666
259,0.0062,9999999999,0.0525,-1.24,-1.0517694172480312e-09,0.0,-1.1900000010517693,3.1900000010517693,0.8099999989482307
260,0.0062,9999999999,0.0525,-1.24,-1.059705417248825e-09,0.0,-1.1900000010597054,3.1900000010597056,0.8099999989402946
261,0.0062,9999999999,0.0525,-1.24,-1.0676414172496182e-09,0.0,-1.1900000010676413,3.1900000010676415,0.8099999989323587
262,0.0062,9999999999,0.0525,-1.24,-1.075577417250412e-09,0.0,-1.1900000010755774,3.1900000010755774,0.8099999989244226
263,0.0062,9999999999,0.0525,-1.24,-1.0835134172512055e-09,0.0,-1.1900000010835134,3.1900000010835132,0.8099999989164866
264,0.0062,9999999999,0.0525,-1.24,-1.091449417251999e-09,0.0,-1.1900000010914493,3.190000001091449,0.8099999989085507
265,0.0062,9999999999,0.0525,-1.24,-1.0993854172527925e-09,0.0,-1.1900000010993854,3.1900000010993854,0.8099999989006146
266,0.0062,9999999999,0.0525,-1.24,-1.1073214172535862e-09,0.0,-1.1900000011073213,3.1900000011073213,0.8099999988926787
267,0.0062,9999999999,0.0525,-1.24,-1.1152574172543797e-09,0.0,-1.1900000011152574,3.1900000011152576,0.8099999988847426
268,0.0062,9999999999,0.0525,-1.24,-1.1231934172551733e-09,0.0,-1.1900000011231933,3.1900000011231935,0.8099999988768067
269,0.0062,9999999999,0.0525,-1.24,-1.131129417255967e-09,0.0,-1.1900000011311294,3.1900000011311294,0.8099999988688706
270,0.0062,9999999999,0.0525,-1.24,-1.1390654172567605e-09,0.0,-1.1900000011390655,3.1900000011390652,0.8099999988609345
271,0.0062,9999999999,0.0525,-1.24,-1.147001417257554e-09,0.0,-1.1900000011470013,3.190000001147001,0.8099999988529987
272,0.0062,9999999999,0.0525,-1.24,-1.1549374172583475e-09,0.0,-1.1900000011549374,3.1900000011549374,0.8099999988450626
273,0.0062,9999999999,0.0525,-1.24,-1.1628734172591413e-09,0.0,-1.1900000011628733,3.1900000011628733,0.8099999988371267
274,0.0062,9999999999,0.0525,-1.24,-1.1708094172599348e-09,0.0,-1.1900000011708094,3.1900000011708096,0.8099999988291906
275,0.0062,9999999999,0.0525,-1.24,-1.1787454172607283e-09,0.0,-1.1900000011787453,3.1900000011787455,0.8099999988212547
276,0.0062,9999999999,0.0525,-1.24,-1.186681417261522e-09,0.0,-1.1900000011866814,3.1900000011866814,0.8099999988133186
277,0.0062,9999999999,0.0525,-1.24,-1.1946174172623155e-09,0.0,-1.1900000011946175,3.1900000011946172,0.8099999988053825
278,0.0062,9999999999,0.0525,-1.24,-1.202553417263109e-09,0.0,-1.1900000012025533,3.190000001202553,0.8099999987974467
279,0.0062,9999999999,0.0525,-1.24,-1.2104894172639026e-09,0.0,-1.1900000012104894,3.1900000012104894,0.8099999987895106
280,0.0062,9999999999,0.0525,-1.24,-1.2184254172646963e-09,0.0,-1.1900000012184253,3.1900000012184253,0.8099999987815747
281,0.0062,9999999999,0.0525,-1.24,-1.2263614172654898e-09,0.0,-1.1900000012263614,3.1900000012263616,0.8099999987736386
282,0.0062,9999999999,0.0525,-1.24,-1.2342974172662833e-09,0.0,-1.1900000012342973,3.1900000012342975,0.8099999987657027
283,0.0062,9999999999,0.0525,-1.24,-1.242233417267077e-09,0.0,-1.1900000012422334,3.1900000012422334,0.8099999987577666
284,0.0062,9999999999,0.0525,-1.24,-1.2501694172678703e-09,0.0,-1.1900000012501695,3.1900000012501692,0.8099999987498305
285,0.0062,9999999999,0.0525,-1.24,-1.258105417268664e-09,0.0,-1.1900000012581053,3.190000001258105,0.8099999987418947
286,0.0062,9999999999,0.0525,-1.24,-1.2660414172694576e-09,0.0,-1.1900000012660414,3.1900000012660414,0.8099999987339586
287,0.0062,9999999999,0.0525,-1.24,-1.2739774172702513e-09,0.0,-1.1900000012739773,3.1900000012739773,0.8099999987260227
288,0.0062,9999999999,0.0525,-1.24,-1.281913417271045e-09,0.0,-1.1900000012819134,3.1900000012819136,0.8099999987180866
289,0.0062,9999999999,0.0525,-1.24,-1.2898494172718388e-09,0.0,-1.1900000012898493,3.1900000012898495,0.8099999987101507
290,0.0062,9999999999,0.0525,-1.24,-1.2977854172726325e-09,0.0,-1.1900000012977854,3.1900000012977854,0.8099999987022146
291,0.0062,9999999999,0.0525,-1.24,-1.3057214172734262e-09,0.0,-1.1900000013057213,3.1900000013057213,0.8099999986942787
292,0.0062,9999999999,0.0525,-1.24,-1.31365741727422e-09,0.0,-1.1900000013136574,3.190000001313657,0.8099999986863426
293,0.0062,9999999999,0.0525,-1.24,-1.3215934172750137e-09,0.0,-1.1900000013215934,3.1900000013215934,0.8099999986784066
294,0.0062,9999999999,0.0525,-1.24,-1.3295294172758072e-09,0.0,-1.1900000013295293,3.1900000013295293,0.8099999986704707
295,0.0062,9999999999,0.0525,-1.24,-1.337465417276601e-09,0.0,-1.1900000013374654,3.1900000013374656,0.8099999986625346
296,0.0062,9999999999,0.0525,-1.24,-1.3454014172773946e-09,0.0,-1.1900000013454013,3.1900000013454015,0.8099999986545987
297,0.0062,9999999999,0.0525,-1.24,-1.3533374172781885e-09,0.0,-1.1900000013533374,3.1900000013533374,0.8099999986466626
298,0.0062,9999999999,0.0525,-1.24,-1.3612734172789823e-09,0.0,-1.1900000013612733,3.1900000013612733,0.8099999986387267
299,0.0062,9999999999,0.0525,-1.24,-1.3692094172797758e-09,0.0,-1.1900000013692094,3.190000001369209,0.8099999986307906
300,0.0062,9999999999,0.0525,-1.24,-1.3771454172805697e-09,0.0,-1.1900000013771455,3.1900000013771455,0.8099999986228545
301,0.0062,9999999999,0.0525,-1.24,-1.3850814172813632e-09,0.0,-1.1900000013850813,3.1900000013850813,0.8099999986149187
302,0.0062,9999999999,0.0525,-1.24,-1.393017417282157e-09,0.0,-1.1900000013930174,3.1900000013930176,0.8099999986069826
303,0.0062,9999999999,0.0525,-1.24,-1.4009534172829507e-09,0.0,-1.1900000014009533,3.1900000014009535,0.8099999985990467
304,0.0062,9999999999,0.0525,-1.24,-1.4088894172837444e-09,0.0,-1.1900000014088894,3.1900000014088894,0.8099999985911106
305,0.0062,9999999999,0.0525,-1.24,-1.4168254172845381e-09,0.0,-1.1900000014168253,3.1900000014168253,0.8099999985831747
306,0.0062,9999999999,0.0525,-1.24,-1.4247614172853319e-09,0.0,-1.1900000014247614,3.190000001424761,0.8099999985752386
307,0.0062,9999999999,0.0525,-1.24,-1.4326974172861256e-09,0.0,-1.1900000014326975,3.1900000014326975,0.8099999985673025
308,0.0062,9999999999,0.0525,-1.24,-1.4406334172869193e-09,0.0,-1.1900000014406333,3.1900000014406333,0.8099999985593667
309,0.0062,9999999999,0.0525,-1.24,-1.448569417287713e-09,0.0,-1.1900000014485694,3.1900000014485697,0.8099999985514306
310,0.0062,9999999999,0.0525,-1.24,-1.4565054172885067e-09,0.0,-1.1900000014565053,3.1900000014565055,0.8099999985434947
311,0.0062,9999999999,0.0525,-1.24,-1.4644414172893005e-09,0.0,-1.1900000014644414,3.1900000014644414,0.8099999985355586
312,0.0062,9999999999,0.0525,-1.24,-1.4723774172900942e-09,0.0,-1.1900000014723773,3.1900000014723773,0.8099999985276227
313,0.0062,9999999999,0.0525,-1.24,-1.4803134172908877e-09,0.0,-1.1900000014803134,3.190000001480313,0.8099999985196866
314,0.0062,9999999999,0.0525,-1.24,-1.4882494172916814e-09,0.0,-1.1900000014882495,3.1900000014882495,0.8099999985117505
315,0.0062,9999999999,0.0525,-1.24,-1.4961854172924754e-09,0.0,-1.1900000014961853,3.1900000014961853,0.8099999985038147
316,0.0062,9999999999,0.0525,-1.24,-1.504121417293269e-09,0.0,-1.1900000015041214,3.1900000015041217,0.8099999984958786
317,0.0062,9999999999,0.0525,-1.24,-1.5120574172940628e-09,0.0,-1.1900000015120573,3.1900000015120575,0.8099999984879427
318,0.0062,9999999999,0.0525,-1.24,-1.5199934172948563e-09,0.0,-1.1900000015199934,3.1900000015199934,0.8099999984800066
319,0.0062,9999999999,0.0525,-1.24,-1.52792941729565e-09,0.0,-1.1900000015279293,3.1900000015279293,0.8099999984720707
320,0.0062,9999999999,0.0525,-1.24,-1.535865417296444e-09,0.0,-1.1900000015358654,3.190000001535865,0.8099999984641346
321,0.0062,9999999999,0.0525,-1.24,-1.5438014172972377e-09,0.0,-1.1900000015438013,3.190000001543801,0.8099999984561987
322,0.0062,9999999999,0.0525,-1.24,-1.5517374172980312e-09,0.0,-1.1900000015517374,3.1900000015517374,0.8099999984482626
323,0.0062,9999999999,0.0525,-1.24,-1.559673417298825e-09,0.0,-1.1900000015596734,3.1900000015596737,0.8099999984403266
324,0.0062,9999999999,0.0525,-1.24,-1.5676094172996187e-09,0.0,-1.1900000015676093,3.1900000015676095,0.8099999984323907
325,0.0062,9999999999,0.0525,-1.24,-1.5755454173004124e-09,0.0,-1.1900000015755454,3.1900000015755454,0.8099999984244546
326,0.0062,9999999999,0.0525,-1.24,-1.5834814173012063e-09,0.0,-1.1900000015834813,3.1900000015834813,0.8099999984165187
327,0.0062,9999999999,0.0525,-1.24,-1.5914174173019996e-09,0.0,-1.1900000015914174,3.190000001591417,0.8099999984085826
328,0.0062,9999999999,0.0525,-1.24,-1.5993534173027936e-09,0.0,-1.1900000015993533,3.190000001599353,0.8099999984006467
329,0.0062,9999999999,0.0525,-1.24,-1.6072894173035873e-09,0.0,-1.1900000016072894,3.1900000016072894,0.8099999983927106
330,0.0062,9999999999,0.0525,-1.24,-1.615225417304381e-09,0.0,-1.1900000016152255,3.1900000016152257,0.8099999983847745
331,0.0062,9999999999,0.0525,-1.24,-1.6231614173051745e-09,0.0,-1.1900000016231613,3.1900000016231616,0.8099999983768387
332,0.0062,9999999999,0.0525,-1.24,-1.6310974173059683e-09,0.0,-1.1900000016310974,3.1900000016310974,0.8099999983689026
333,0.0062,9999999999,0.0525,-1.24,-1.6390334173067622e-09,0.0,-1.1900000016390333,3.1900000016390333,0.8099999983609667
334,0.0062,9999999999,0.0525,-1.24,-1.646969417307556e-09,0.0,-1.1900000016469694,3.190000001646969,0.8099999983530306
335,0.0062,9999999999,0.0525,-1.24,-1.6549054173083496e-09,0.0,-1.1900000016549053,3.190000001654905,0.8099999983450947
336,0.0062,9999999999,0.0525,-1.24,-1.6628414173091431e-09,0.0,-1.1900000016628414,3.1900000016628414,0.8099999983371586
337,0.0062,9999999999,0.0525,-1.24,-1.6707774173099369e-09,0.0,-1.1900000016707775,3.1900000016707777,0.8099999983292225
338,0.0062,9999999999,0.0525,-1.24,-1.6787134173107308e-09,0.0,-1.1900000016787133,3.1900000016787136,0.8099999983212867
339,0.0062,9999999999,0.0525,-1.24,-1.6866494173115245e-09,0.0,-1.1900000016866494,3.1900000016866494,0.8099999983133506
340,0.0062,9999999999,0.0525,-1.24,-1.694585417312318e-09,0.0,-1.1900000016945853,3.1900000016945853,0.8099999983054147
341,0.0062,9999999999,0.0525,-1.24,-1.7025214173131118e-09,0.0,-1.1900000017025214,3.190000001702521,0.8099999982974786
342,0.0062,9999999999,0.0525,-1.24,-1.7104574173139055e-09,0.0,-1.1900000017104573,3.190000001710457,0.8099999982895427
343,0.0062,9999999999,0.0525,-1.24,-1.7183934173146992e-09,0.0,-1.1900000017183934,3.1900000017183934,0.8099999982816066
344,0.0062,9999999999,0.0525,-1.24,-1.7263294173154931e-09,0.0,-1.1900000017263295,3.1900000017263297,0.8099999982736705
345,0.0062,9999999999,0.0525,-1.24,-1.7342654173162864e-09,0.0,-1.1900000017342653,3.1900000017342656,0.8099999982657347
346,0.0062,9999999999,0.0525,-1.24,-1.7422014173170804e-09,0.0,-1.1900000017422014,3.1900000017422014,0.8099999982577986
347,0.0062,9999999999,0.0525,-1.24,-1.750137417317874e-09,0.0,-1.1900000017501373,3.1900000017501373,0.8099999982498627
348,0.0062,9999999999,0.0525,-1.24,-1.7580734173186678e-09,0.0,-1.1900000017580734,3.190000001758073,0.8099999982419266
349,0.0062,9999999999,0.0525,-1.24,-1.7660094173194613e-09,0.0,-1.1900000017660093,3.190000001766009,0.8099999982339907
350,0.0062,9999999999,0.0525,-1.24,-1.773945417320255e-09,0.0,-1.1900000017739454,3.1900000017739454,0.8099999982260546
351,0.0062,9999999999,0.0525,-1.24,-1.781881417321049e-09,0.0,-1.1900000017818813,3.1900000017818813,0.8099999982181187
352,0.0062,9999999999,0.0525,-1.24,-1.7898174173218427e-09,0.0,-1.1900000017898174,3.1900000017898176,0.8099999982101826
353,0.0062,9999999999,0.0525,-1.24,-1.7977534173226364e-09,0.0,-1.1900000017977534,3.1900000017977534,0.8099999982022466
354,0.0062,9999999999,0.0525,-1.24,-1.80568941732343e-09,0.0,-1.1900000018056893,3.1900000018056893,0.8099999981943107
355,0.0062,9999999999,0.0525,-1.24,-1.8136254173242237e-09,0.0,-1.1900000018136254,3.190000001813625,0.8099999981863746
356,0.0062,9999999999,0.0525,-1.24,-1.8215614173250176e-09,0.0,-1.1900000018215613,3.190000001821561,0.8099999981784387
357,0.0062,9999999999,0.0525,-1.24,-1.8294974173258113e-09,0.0,-1.1900000018294974,3.1900000018294974,0.8099999981705026
358,0.0062,9999999999,0.0525,-1.24,-1.8374334173266049e-09,0.0,-1.1900000018374333,3.1900000018374333,0.8099999981625667
359,0.0062,9999999999,0.0525,-1.24,-1.8453694173273986e-09,0.0,-1.1900000018453694,3.1900000018453696,0.8099999981546306
360,0.0062,9999999999,0.0525,-1.24,-1.8533054173281923e-09,0.0,-1.1900000018533055,3.1900000018533055,0.8099999981466945
361,0.0062,9999999999,0.0525,-1.24,-1.861241417328986e-09,0.0,-1.1900000018612413,3.1900000018612413,0.8099999981387587
362,0.0062,9999999999,0.0525,-1.24,-1.86917741732978e-09,0.0,-1.1900000018691774,3.190000001869177,0.8099999981308226
363,0.0062,9999999999,0.0525,-1.24,-1.8771134173305735e-09,0.0,-1.1900000018771133,3.190000001877113,0.8099999981228867
364,0.0062,9999999999,0.0525,-1.24,-1.885049417331367e-09,0.0,-1.1900000018850494,3.1900000018850494,0.8099999981149506
365,0.0062,9999999999,0.0525,-1.24,-1.892985417332161e-09,0.0,-1.1900000018929853,3.1900000018929853,0.8099999981070147
366,0.0062,9999999999,0.0525,-1.24,-1.900921417332955e-09,0.0,-1.1900000019009214,3.1900000019009216,0.8099999980990786
367,0.0062,9999999999,0.0525,-1.24,-1.9088574173337484e-09,0.0,-1.1900000019088575,3.1900000019088575,0.8099999980911425
368,0.0062,9999999999,0.0525,-1.24,-1.916793417334542e-09,0.0,-1.1900000019167933,3.1900000019167933,0.8099999980832067
369,0.0062,9999999999,0.0525,-1.24,-1.924729417335336e-09,0.0,-1.1900000019247294,3.190000001924729,0.8099999980752706
370,0.0062,9999999999,0.0525,-1.24,-1.9326654173361293e-09,0.0,-1.1900000019326653,3.190000001932665,0.8099999980673347
371,0.0062,9999999999,0.0525,-1.24,-1.9406014173369233e-09,0.0,-1.1900000019406014,3.1900000019406014,0.8099999980593986
372,0.0062,9999999999,0.0525,-1.24,-1.9485374173377168e-09,0.0,-1.1900000019485373,3.1900000019485373,0.8099999980514627
373,0.0062,9999999999,0.0525,-1.24,-1.9564734173385107e-09,0.0,-1.1900000019564734,3.1900000019564736,0.8099999980435266
374,0.0062,9999999999,0.0525,-1.24,-1.9644094173393042e-09,0.0,-1.1900000019644095,3.1900000019644095,0.8099999980355905
375,0.0062,9999999999,0.0525,-1.24,-1.972345417340098e-09,0.0,-1.1900000019723453,3.1900000019723453,0.8099999980276547
376,0.0062,9999999999,0.0525,-1.24,-1.980281417340892e-09,0.0,-1.1900000019802814,3.190000001980281,0.8099999980197186
377,0.0062,9999999999,0.0525,-1.24,-1.988217417341685e-09,0.0,-1.1900000019882173,3.190000001988217,0.8099999980117827
378,0.0062,9999999999,0.0525,-1.24,-1.996153417342479e-09,0.0,-1.1900000019961534,3.1900000019961534,0.8099999980038466
379,0.0062,9999999999,0.0525,-1.24,-2.004089417343273e-09,0.0,-1.1900000020040893,3.1900000020040893,0.8099999979959107
380,0.0062,9999999999,0.0525,-1.24,-2.0120254173440666e-09,0.0,-1.1900000020120254,3.1900000020120256,0.8099999979879746
381,0.0062,9999999999,0.0525,-1.24,-2.01996141734486e-09,0.0,-1.1900000020199613,3.1900000020199615,0.8099999979800387
382,0.0062,9999999999,0.0525,-1.24,-2.027897417345654e-09,0.0,-1.1900000020278974,3.1900000020278974,0.8099999979721026
383,0.0062,9999999999,0.0525,-1.24,-2.035833417346448e-09,0.0,-1.1900000020358334,3.1900000020358332,0.8099999979641666
384,0.0062,9999999999,0.0525,-1.24,-2.0437694173472415e-09,0.0,-1.1900000020437693,3.190000002043769,0.8099999979562307
385,0.0062,9999999999,0.0525,-1.24,-2.0517054173480354e-09,0.0,-1.1900000020517054,3.1900000020517054,0.8099999979482946
386,0.0062,9999999999,0.0525,-1.24,-2.059641417348829e-09,0.0,-1.1900000020596413,3.1900000020596413,0.8099999979403587
387,0.0062,9999999999,0.0525,-1.24,-2.0675774173496224e-09,0.0,-1.1900000020675774,3.1900000020675776,0.8099999979324226
388,0.0062,9999999999,0.0525,-1.24,-2.0755134173504164e-09,0.0,-1.1900000020755133,3.1900000020755135,0.8099999979244867
389,0.0062,9999999999,0.0525,-1.24,-2.0834494173512103e-09,0.0,-1.1900000020834494,3.1900000020834494,0.8099999979165506
390,0.0062,9999999999,0.0525,-1.24,-2.0913854173520034e-09,0.0,-1.1900000020913855,3.1900000020913852,0.8099999979086145
391,0.0062,9999999999,0.0525,-1.24,-2.0993214173527973e-09,0.0,-1.1900000020993213,3.190000002099321,0.8099999979006787
392,0.0062,9999999999,0.0525,-1.24,-2.1072574173535912e-09,0.0,-1.1900000021072574,3.1900000021072574,0.8099999978927426
393,0.0062,9999999999,0.0525,-1.24,-2.1151934173543848e-09,0.0,-1.1900000021151933,3.1900000021151933,0.8099999978848067
394,0.0062,9999999999,0.0525,-1.24,-2.1231294173551787e-09,0.0,-1.1900000021231294,3.1900000021231296,0.8099999978768706
395,0.0062,9999999999,0.0525,-1.24,-2.1310654173559722e-09,0.0,-1.1900000021310653,3.1900000021310655,0.8099999978689347
396,0.0062,9999999999,0.0525,-1.24,-2.139001417356766e-09,0.0,-1.1900000021390014,3.1900000021390014,0.8099999978609986
397,0.0062,9999999999,0.0525,-1.24,-2.1469374173575597e-09,0.0,-1.1900000021469375,3.1900000021469372,0.8099999978530625
398,0.0062,9999999999,0.0525,-1.24,-2.1548734173583536e-09,0.0,-1.1900000021548733,3.190000002154873,0.8099999978451267
399,0.0062,9999999999,0.0525,-1.24,-2.162809417359147e-09,0.0,-1.1900000021628094,3.1900000021628094,0.8099999978371906
400,0.0062,9999999999,0.0525,-1.24,-2.1707454173599406e-09,0.0,-1.1900000021707453,3.1900000021707453,0.8099999978292547
401,0.0062,9999999999,0.0525,-1.24,-2.1786814173607346e-09,0.0,-1.1900000021786814,3.1900000021786816,0.8099999978213186
402,0.0062,9999999999,0.0525,-1.24,-2.1866174173615285e-09,0.0,-1.1900000021866173,3.1900000021866175,0.8099999978133827
403,0.0062,9999999999,0.0525,-1.24,-2.194553417362322e-09,0.0,-1.1900000021945534,3.1900000021945534,0.8099999978054466
404,0.0062,9999999999,0.0525,-1.24,-2.2024894173631155e-09,0.0,-1.1900000022024895,3.1900000022024892,0.8099999977975105
405,0.0062,9999999999,0.0525,-1.24,-2.2104254173639094e-09,0.0,-1.1900000022104253,3.190000002210425,0.8099999977895747
406,0.0062,9999999999,0.0525,-1.24,-2.218361417364703e-09,0.0,-1.1900000022183614,3.1900000022183614,0.8099999977816386
407,0.0062,9999999999,0.0525,-1.24,-2.226297417365497e-09,0.0,-1.1900000022262973,3.1900000022262973,0.8099999977737027
408,0.0062,9999999999,0.0525,-1.24,-2.2342334173662904e-09,0.0,-1.1900000022342334,3.1900000022342336,0.8099999977657666
409,0.0062,9999999999,0.0525,-1.24,-2.2421694173670843e-09,0.0,-1.1900000022421693,3.1900000022421695,0.8099999977578307
410,0.0062,9999999999,0.0525,-1.24,-2.250105417367878e-09,0.0,-1.1900000022501054,3.1900000022501054,0.8099999977498946
411,0.0062,9999999999,0.0525,-1.24,-2.2580414173686718e-09,0.0,-1.1900000022580413,3.1900000022580413,0.8099999977419587
412,0.0062,9999999999,0.0525,-1.24,-2.2659774173694657e-09,0.0,-1.1900000022659774,3.190000002265977,0.8099999977340226
413,0.0062,9999999999,0.0525,-1.24,-2.273913417370259e-09,0.0,-1.1900000022739134,3.1900000022739134,0.8099999977260866
414,0.0062,9999999999,0.0525,-1.24,-2.2818494173710528e-09,0.0,-1.1900000022818493,3.1900000022818493,0.8099999977181507
415,0.0062,9999999999,0.0525,-1.24,-2.2897854173718467e-09,0.0,-1.1900000022897854,3.1900000022897856,0.8099999977102146
416,0.0062,9999999999,0.0525,-1.24,-2.29772141737264e-09,0.0,-1.1900000022977213,3.1900000022977215,0.8099999977022787
417,0.0062,9999999999,0.0525,-1.24,-2.3056574173734337e-09,0.0,-1.1900000023056574,3.1900000023056574,0.8099999976943426
418,0.0062,9999999999,0.0525,-1.24,-2.3135934173742276e-09,0.0,-1.1900000023135933,3.1900000023135933,0.8099999976864067
419,0.0062,9999999999,0.0525,-1.24,-2.3215294173750216e-09,0.0,-1.1900000023215294,3.190000002321529,0.8099999976784706
420,0.0062,9999999999,0.0525,-1.24,-2.329465417375815e-09,0.0,-1.1900000023294655,3.1900000023294655,0.8099999976705345
421,0.0062,9999999999,0.0525,-1.24,-2.337401417376609e-09,0.0,-1.1900000023374013,3.1900000023374013,0.8099999976625987
422,0.0062,9999999999,0.0525,-1.24,-2.3453374173774025e-09,0.0,-1.1900000023453374,3.1900000023453376,0.8099999976546626
423,0.0062,9999999999,0.0525,-1.24,-2.353273417378196e-09,0.0,-1.1900000023532733,3.1900000023532735,0.8099999976467267
424,0.0062,9999999999,0.0525,-1.24,-2.36120941737899e-09,0.0,-1.1900000023612094,3.1900000023612094,0.8099999976387906
425,0.0062,9999999999,0.0525,-1.24,-2.369145417379784e-09,0.0,-1.1900000023691453,3.1900000023691453,0.8099999976308547
426,0.0062,9999999999,0.0525,-1.24,-2.377081417380577e-09,0.0,-1.1900000023770814,3.190000002377081,0.8099999976229186
427,0.0062,9999999999,0.0525,-1.24,-2.385017417381371e-09,0.0,-1.1900000023850175,3.1900000023850175,0.8099999976149825
428,0.0062,9999999999,0.0525,-1.24,-2.392953417382165e-09,0.0,-1.1900000023929533,3.1900000023929533,0.8099999976070467
429,0.0062,9999999999,0.0525,-1.24,-2.4008894173829584e-09,0.0,-1.1900000024008894,3.1900000024008897,0.8099999975991106
430,0.0062,9999999999,0.0525,-1.24,-2.4088254173837523e-09,0.0,-1.1900000024088253,3.1900000024088255,0.8099999975911747
431,0.0062,9999999999,0.0525,-1.24,-2.416761417384546e-09,0.0,-1.1900000024167614,3.1900000024167614,0.8099999975832386
432,0.0062,9999999999,0.0525,-1.24,-2.4246974173853398e-09,0.0,-1.1900000024246973,3.1900000024246973,0.8099999975753027
433,0.0062,9999999999,0.0525,-1.24,-2.4326334173861333e-09,0.0,-1.1900000024326334,3.190000002432633,0.8099999975673666
434,0.0062,9999999999,0.0525,-1.24,-2.4405694173869272e-09,0.0,-1.1900000024405695,3.1900000024405695,0.8099999975594305
435,0.0062,9999999999,0.0525,-1.24,-2.4485054173877207e-09,0.0,-1.1900000024485053,3.1900000024485053,0.8099999975514947
436,0.0062,9999999999,0.0525,-1.24,-2.4564414173885143e-09,0.0,-1.1900000024564414,3.1900000024564417,0.8099999975435586
437,0.0062,9999999999,0.0525,-1.24,-2.464377417389308e-09,0.0,-1.1900000024643773,3.1900000024643775,0.8099999975356227
438,0.0062,9999999999,0.0525,-1.24,-2.472313417390102e-09,0.0,-1.1900000024723134,3.1900000024723134,0.8099999975276866
439,0.0062,9999999999,0.0525,-1.24,-2.4802494173908956e-09,0.0,-1.1900000024802493,3.1900000024802493,0.8099999975197507
440,0.0062,9999999999,0.0525,-1.24,-2.488185417391689e-09,0.0,-1.1900000024881854,3.190000002488185,0.8099999975118146
441,0.0062,9999999999,0.0525,-1.0593142857142857,-2.494965028820939e-09,0.14821874999999998,-0.8610955382092508,2.8610955382092507,1.1389044617907493
442,0.0062,9999999999,0.0525,-1.24,-2.5029010288217324e-09,-0.14821874999999998,-1.338218752502901,3.3382187525029012,0.661781247497099
443,0.0062,9999999999,0.0525,-1.24,-2.5108370288225264e-09,0.0,-1.190000002510837,3.1900000025108373,0.809999997489163
444,0.0062,9999999999,0.0525,-1.24,-2.51877302882332e-09,0.0,-1.190000002518773,3.190000002518773,0.8099999974812271
445,0.0062,9999999999,0.0525,-1.24,-2.526709028824114e-09,0.0,-1.190000002526709,3.190000002526709,0.809999997473291
446,0.0062,9999999999,0.0525,-1.24,-2.5346450288249073e-09,0.0,-1.1900000025346449,3.190000002534645,0.8099999974653551
447,0.0062,9999999999,0.0525,-1.24,-2.542581028825701e-09,0.0,-1.190000002542581,3.1900000025425808,0.809999997457419
448,0.0062,9999999999,0.0525,-1.24,-2.5505170288264944e-09,0.0,-1.190000002550517,3.190000002550517,0.8099999974494829
449,0.0062,9999999999,0.0525,-1.24,-2.5584530288272883e-09,0.0,-1.190000002558453,3.190000002558453,0.809999997441547
450,0.0062,9999999999,0.0525,-1.24,-2.566389028828082e-09,0.0,-1.190000002566389,3.1900000025663893,0.809999997433611
451,0.0062,9999999999,0.0525,-1.24,-2.5743250288288758e-09,0.0,-1.190000002574325,3.190000002574325,0.8099999974256751
452,0.0062,9999999999,0.0525,-1.24,-2.5822610288296693e-09,0.0,-1.190000002582261,3.190000002582261,0.809999997417739
453,0.0062,9999999999,0.0525,-1.24,-2.590197028830463e-09,0.0,-1.190000002590197,3.190000002590197,0.8099999974098031
454,0.0062,9999999999,0.0525,-1.24,-2.5981330288312567e-09,0.0,-1.190000002598133,3.1900000025981328,0.809999997401867
455,0.0062,9999999999,0.0525,-1.24,-2.6060690288320506e-09,0.0,-1.190000002606069,3.190000002606069,0.8099999973939309
456,0.0062,9999999999,0.0525,-1.24,-2.614005028832844e-09,0.0,-1.190000002614005,3.190000002614005,0.809999997385995
457,0.0062,9999999999,0.0525,-1.24,-2.6219410288336377e-09,0.0,-1.190000002621941,3.1900000026219413,0.809999997378059
458,0.0062,9999999999,0.0525,-1.24,-2.6298770288344316e-09,0.0,-1.190000002629877,3.190000002629877,0.8099999973701231
459,0.0062,9999999999,0.0525,-0.5739428571428571,-2.6335502631205134e-09,0.5463749999999999,0.022432140223592592,1.9775678597764075,2.0224321402235925
460,0.0062,9999999999,0.0525,-1.24,-2.641486263121307e-09,-0.5463749999999999,-1.7363750026414861,1.7363750026414861,-1.7363750026414861
461,0.0062,9999999999,0.0525,-1.24,-2.649422263122101e-09,0.0,-1.1900000026494222,3.1900000026494224,0.8099999973505778
462,0.0062,9999999999,0.0525,-1.24,-2.6573582631228944e-09,0.0,-1.1900000026573583,3.1900000026573583,0.8099999973426417
463,0.0062,9999999999,0.0525,-1.24,-2.6652942631236883e-09,0.0,-1.1900000026652942,3.190000002665294,0.8099999973347058
464,0.0062,9999999999,0.0525,-1.24,-2.6732302631244822e-09,0.0,-1.1900000026732303,3.19000000267323,0.8099999973267697
465,0.0062,9999999999,0.0525,-1.24,-2.6811662631252753e-09,0.0,-1.1900000026811661,3.190000002681166,0.8099999973188339
466,0.0062,9999999999,0.0525,-1.24,-2.6891022631260693e-09,0.0,-1.1900000026891022,3.190000002689102,0.8099999973108978
467,0.0062,9999999999,0.0525,-0.6341714285714286,-2.6931609602693325e-09,0.49696874999999996,-0.08720268126458956,2.0872026812645896,1.9127973187354104
468,0.0062,9999999999,0.0525,-1.24,-2.701096960270126e-09,-0.49696874999999996,-1.6869687527010968,1.6869687527010968,-1.6869687527010968
469,0.0062,9999999999,0.0525,-1.24,-2.70903296027092e-09,0.0,-1.190000002709033,3.190000002709033,0.809999997290967
470,0.0062,9999999999,0.0525,-1.24,-2.7169689602717134e-09,0.0,-1.1900000027169688,3.190000002716969,0.8099999972830312
471,0.0062,9999999999,0.0525,-1.24,-2.724904960272507e-09,0.0,-1.190000002724905,3.190000002724905,0.8099999972750951
472,0.0062,9999999999,0.0525,-1.24,-2.732840960273301e-09,0.0,-1.190000002732841,3.190000002732841,0.809999997267159
473,0.0062,9999999999,0.0525,-1.24,-2.740776960274095e-09,0.0,-1.1900000027407769,3.190000002740777,0.8099999972592231
474,0.0062,9999999999,0.0525,-1.24,-2.7487129602748883e-09,0.0,-1.190000002748713,3.1900000027487128,0.809999997251287
475,0.0062,9999999999,0.0525,-0.2834285714285715,-2.7505269031322127e-09,0.7846875,0.5512589258209016,1.4487410741790985,2.5512589258209015
476,0.0062,9999999999,0.0525,-1.24,-2.7584629031330062e-09,-0.7846875,-1.974687502758463,1.974687502758463,-1.974687502758463
477,0.0062,9999999999,0.0525,-1.24,-2.7663989031337997e-09,0.0,-1.1900000027663988,3.190000002766399,0.8099999972336012
478,0.0062,9999999999,0.0525,-1.24,-2.7743349031345937e-09,0.0,-1.190000002774335,3.190000002774335,0.8099999972256651
479,0.0062,9999999999,0.0525,-1.24,-2.782270903135387e-09,0.0,-1.1900000027822708,3.190000002782271,0.8099999972177292
480,0.0062,9999999999,0.0525,-1.24,-2.790206903136181e-09,0.0,-1.190000002790207,3.1900000027902067,0.8099999972097931
481,0.0062,9999999999,0.0525,-0.8361142857142857,-2.7955580345652875e-09,0.33131249999999995,-0.4548017885098437,2.454801788509844,1.5451982114901563
482,0.0062,9999999999,0.0525,-1.24,-2.8034940345660814e-09,-0.33131249999999995,-1.521312502803494,1.521312502803494,-1.521312502803494
483,0.0062,9999999999,0.0525,-1.24,-2.8114300345668753e-09,0.0,-1.19000000281143,3.1900000028114297,0.8099999971885701
484,0.0062,9999999999,0.0525,-1.24,-2.8193660345676684e-09,0.0,-1.190000002819366,3.190000002819366,0.809999997180634
485,0.0062,9999999999,0.0525,0.035428571428571476,-2.819139291710503e-09,1.04625,1.1316785686094322,0.8683214313905678,3.1316785686094324
486,0.0062,9999999999,0.0525,-1.24,-2.827075291711297e-09,-1.04625,-2.2362500028270755,2.2362500028270755,-2.2362500028270755
487,0.0062,9999999999,0.0525,-1.24,-2.8350112917120904e-09,0.0,-1.1900000028350113,3.1900000028350113,0.8099999971649887
488,0.0062,9999999999,0.0525,-1.24,-2.842947291712884e-09,0.0,-1.1900000028429472,3.190000002842947,0.8099999971570528
489,0.0062,9999999999,0.0525,-1.24,-2.850883291713678e-09,0.0,-1.1900000028508833,3.1900000028508835,0.8099999971491167
490,0.0062,9999999999,0.0525,-1.24,-2.8588192917144714e-09,0.0,-1.1900000028588191,3.1900000028588194,0.8099999971411809
491,0.0062,9999999999,0.0525,-1.24,-2.8667552917152653e-09,0.0,-1.1900000028667552,3.1900000028667552,0.8099999971332448
492,0.0062,9999999999,0.0525,-1.24,-2.8746912917160593e-09,0.0,-1.1900000028746913,3.190000002874691,0.8099999971253087
493,0.0062,9999999999,0.0525,-1.24,-2.8826272917168528e-09,0.0,-1.1900000028826272,3.190000002882627,0.8099999971173728
494,0.0062,9999999999,0.0525,-1.24,-2.8905632917176463e-09,0.0,-1.1900000028905633,3.1900000028905633,0.8099999971094367
495,0.0062,9999999999,0.0525,-1.24,-2.8984992917184402e-09,0.0,-1.1900000028984992,3.190000002898499,0.8099999971015008
496,0.0062,9999999999,0.0525,-1.24,-2.9064352917192337e-09,0.0,-1.1900000029064353,3.1900000029064355,0.8099999970935647
497,0.0062,9999999999,0.0525,-1.24,-2.9143712917200273e-09,0.0,-1.1900000029143711,3.1900000029143714,0.8099999970856289
498,0.0062,9999999999,0.0525,0.772342857142857,-2.9094282974338192e-09,1.65075,2.4730928542334283,-2.4730928542334283,2.4730928542334283
499,0.0062,9999999999,0.0525,-0.8006857142857142,-2.91455268600576e-09,-1.2903749999999998,-2.041060717200267,2.041060717200267,-2.041060717200267
500,0.0062,9999999999,0.0525,-1.24,-2.9224886860065532e-09,-0.36037499999999995,-1.5503750029224885,1.5503750029224885,-1.5503750029224885
501,0.0062,9999999999,0.0525,-1.24,-2.930424686007347e-09,0.0,-1.1900000029304247,3.1900000029304247,0.8099999970695753
502,0.0062,9999999999,0.0525,-1.24,-2.938360686008141e-09,0.0,-1.1900000029383606,3.1900000029383606,0.8099999970616394
503,0.0062,9999999999,0.0525,-1.24,-2.9462966860089346e-09,0.0,-1.1900000029462967,3.190000002946297,0.8099999970537033
